sample_id,source_group,true_label,audio_pred,skeleton_pred,multimodal_pred,audio_correct,skeleton_correct,multimodal_correct
boxian/01/right01-1,boxian/01/right01-1.mp4,pizzicato,dungong,spiccato,spiccato,False,False,False
boxian/25/right25-1,boxian/25/right25-1.mp4,pizzicato,pizzicato,dungong,pizzicato,True,False,True
dungong/01/dun01,dungong/01/dun01.mp4,dungong,dungong,plain,plain,True,False,False
dungong/24/dun24,dungong/24/dun24.mp4,dungong,dungong,plain,dungong,True,False,True
plain/04/p04,plain/04/p04.mp4,plain,plain,double_stop,plain,True,False,True
plain/08/p08,plain/08/p08.mp4,plain,plain,double_stop,plain,True,False,True
plain/20/p20,plain/20/p20.mp4,plain,vibrato,plain,plain,False,True,True
plain/21/p21,plain/21/p21.mp4,plain,plain,spiccato,spiccato,True,False,False
plain/25/p25,plain/25/p25.mp4,plain,spiccato,plain,plain,False,True,True
plain/32/p32,plain/32/p32.mp4,plain,plain,double_stop,double_stop,True,False,False
rouxian/04/rou04,rouxian/04/rou04.mp4,vibrato,double_stop,vibrato,vibrato,False,True,True
rouxian/08/rou08,rouxian/08/rou08.mp4,vibrato,double_stop,vibrato,vibrato,False,True,True
rouxian/09/rou09,rouxian/09/rou09.mp4,vibrato,double_stop,vibrato,vibrato,False,True,True
shuangyin/01/s01,shuangyin/01/s01.mp4,double_stop,plain,spiccato,double_stop,False,False,True
shuangyin/20/s20,shuangyin/20/s20.mp4,double_stop,plain,double_stop,double_stop,False,True,True
shuangyin/21/s21,shuangyin/21/s21.mp4,double_stop,dungong,double_stop,double_stop,False,True,True
shuangyin/23/s23,shuangyin/23/s23.mp4,double_stop,plain,double_stop,double_stop,False,True,True
tiaogong/01/tiao01,tiaogong/01/tiao01.mp4,spiccato,dungong,spiccato,spiccato,False,True,True
tiaogong/12/tiao12,tiaogong/12/tiao12.mp4,spiccato,vibrato,spiccato,spiccato,False,True,True
tiaogong/18/tiao18,tiaogong/18/tiao18.mp4,spiccato,spiccato,plain,spiccato,True,False,True
