feature,importance
centroid_delta_mean,0.04390772719819032
mfcc_3_mean,0.036427828505469245
mfcc_5_mean,0.03540746883354168
right_thumb_tip_direction_change_mean,0.032251824463509576
right_ring_tip_direction_change_mean,0.02940756297395012
mfcc_4_mean,0.02818077499867515
onset_env_std,0.021280861546554456
right_middle_tip_direction_change_mean,0.01994635326897309
rms_mean,0.01824995917079952
right_pinky_tip_direction_change_mean,0.016971859219711685
right_index_tip_direction_change_mean,0.013737268061858664
rms_delta_mean,0.013537191830426008
r_wrist_vel_mean,0.0131600733756331
left_index_tip_periodicity,0.012168633510213356
mfcc_2_std,0.011381604094631377
onset_env_mean,0.011325149021039394
r_wrist_range_x,0.011318448372942456
left_ring_tip_periodicity,0.01024540764233851
r_wrist_range_y,0.010220082547816206
left_middle_tip_periodicity,0.010144355954094995
right_thumb_tip_accel_mean,0.010093279206577346
mfcc_1_mean,0.010047917355423533
r_shoulder_range_y,0.009667620571936713
left_middle_tip_accel_mean,0.009216376663704996
right_pinky_tip_range_y,0.009015360316043336
left_index_tip_accel_mean,0.008713758638370638
right_thumb_tip_range_y,0.008708318283876448
right_thumb_tip_range_x,0.008697119575393427
r_elbow_accel_mean,0.008623368767345693
bandwidth_std,0.008106970897001742
r_wrist_accel_mean,0.00763332836847617
right_middle_tip_vel_std,0.00746551689120015
left_ring_tip_accel_mean,0.0072529436763560514
onset_interval_mean,0.007220394473887122
right_index_tip_range_y,0.007035462907187664
mfcc_1_std,0.0068168469707148805
l_shoulder_range_y,0.006733105515804676
r_elbow_accel_std,0.006528573204351383
right_index_tip_periodicity,0.006470213394371161
left_pinky_tip_vel_mean,0.006444012681980902
r_wrist_vel_std,0.006441496138802286
bandwidth_mean,0.006409490260906091
right_middle_tip_range_y,0.006388687637957572
left_index_tip_direction_change_mean,0.006352470986184507
right_pinky_tip_range_x,0.0062190666797029715
l_shoulder_periodicity,0.005995722130643524
right_pinky_tip_periodicity,0.005853923272008549
onset_rate,0.005769670715647851
right_middle_tip_periodicity,0.005757368286597667
right_pinky_tip_accel_std,0.005680146687877344
rolloff_mean,0.005649363380692796
right_index_tip_range_x,0.005590567319871871
left_middle_tip_direction_change_mean,0.005450819129413612
right_pinky_tip_accel_mean,0.005173927628468535
right_pinky_tip_vel_std,0.005171048139443674
right_index_tip_accel_std,0.0051659789134797865
right_ring_tip_vel_max,0.005121127312824273
centroid_mean,0.005109983932186921
r_shoulder_periodicity,0.005089294311276146
r_elbow_vel_mean,0.005024302146887776
r_wrist_accel_std,0.004961201184618203
left_thumb_tip_vel_mean,0.004870498485968558
left_pinky_tip_direction_change_mean,0.004840692826094434
left_ring_tip_vel_mean,0.004791980589564607
right_index_tip_vel_mean,0.004774418116765768
l_shoulder_range_x,0.004759606094336308
right_middle_tip_range_z,0.004722109201737156
right_index_tip_vel_std,0.00471887391321549
right_ring_tip_range_y,0.004642756803947203
right_ring_tip_vel_std,0.004615282970473681
r_elbow_vel_std,0.00457320235555921
l_elbow_range_x,0.00457240546436384
right_thumb_tip_accel_std,0.004471061736362137
mfcc_2_mean,0.004379892630317599
right_ring_tip_range_x,0.00429606124966032
right_thumb_tip_range_z,0.004246825990191682
right_index_tip_accel_mean,0.004239892547853877
left_pinky_tip_vel_std,0.004201538596043526
right_middle_tip_vel_max,0.004185728125614694
right_thumb_tip_vel_std,0.003978896120187176
right_middle_tip_accel_std,0.0039785937605050815
left_middle_tip_vel_mean,0.00395581688090251
right_thumb_tip_vel_mean,0.003934531893070108
right_ring_tip_accel_std,0.003923233528026897
r_shoulder_vel_mean,0.003910488239002987
zcr_mean,0.003906275351750154
dist_r_shoulder_elbow,0.0038954121532234283
onset_env_max,0.003867232700314906
r_elbow_range_x,0.0037776863946995397
r_elbow_range_y,0.0036051950878088256
right_ring_tip_vel_mean,0.00359206632235805
centroid_std,0.0035424279271361273
l_shoulder_vel_mean,0.003525564499555986
left_index_tip_vel_mean,0.0034978018246128667
left_index_tip_vel_std,0.00339086383482637
right_index_tip_range_z,0.003327840333120487
right_ring_tip_periodicity,0.003309885027934207
r_shoulder_accel_mean,0.0032690035046764225
l_wrist_range_x,0.0032585516682313086
right_thumb_tip_vel_max,0.003248566654745569
right_middle_tip_range_x,0.003238888424334763
l_wrist_vel_mean,0.003149441017092865
right_middle_tip_accel_mean,0.003131469969035784
left_ring_tip_range_x,0.003090556004567385
left_ring_tip_direction_change_mean,0.0030720059970656684
r_elbow_range_z,0.0030501128295586984
r_wrist_vel_max,0.003022411762413936
right_pinky_tip_vel_mean,0.0030071629283862115
l_wrist_accel_mean,0.0029808474514712562
left_index_tip_accel_std,0.0029472060262318955
right_index_tip_vel_max,0.002909676075867551
l_shoulder_vel_std,0.002883559226648587
left_ring_tip_accel_std,0.0027693267206968463
left_middle_tip_range_x,0.002763529368174401
right_ring_tip_range_z,0.002758122421665827
right_ring_tip_accel_mean,0.002721127104996718
r_shoulder_vel_std,0.002705106580331252
left_pinky_tip_periodicity,0.0026967158700216833
left_ring_tip_vel_std,0.0026687596862203333
right_middle_tip_vel_mean,0.0026345513035746313
l_shoulder_accel_std,0.0025512379358418012
left_index_tip_range_x,0.002529418761286222
l_shoulder_accel_mean,0.0024946714250565598
l_wrist_accel_std,0.002487440471813538
l_wrist_vel_std,0.002415636246794016
l_elbow_vel_std,0.0024005191789990294
onset_interval_std,0.002277731195208914
l_shoulder_range_z,0.002175120927826579
l_wrist_periodicity,0.0021642031496576057
r_shoulder_accel_std,0.002163681174432035
right_pinky_tip_vel_max,0.0021197599761611577
l_wrist_range_y,0.0021002266281492593
left_pinky_tip_accel_mean,0.002087791846491025
left_middle_tip_range_y,0.0020774900984905486
r_wrist_range_z,0.0020481733895910113
left_pinky_tip_accel_std,0.0020062712663409528
left_index_tip_vel_max,0.001979140880669208
right_pinky_tip_range_z,0.00191729866053141
mfcc_3_std,0.0019009331172936575
left_thumb_tip_accel_mean,0.0018907568147054808
mfcc_4_std,0.0018889626723109898
left_ring_tip_vel_max,0.0018668443923400668
left_thumb_tip_vel_std,0.0018622516115791158
r_shoulder_range_x,0.0018026327644178948
left_index_tip_range_y,0.0017454354776404784
left_pinky_tip_vel_max,0.0017278632360009944
bow_angle_wrist_thumb_index,0.0016165652045971332
l_shoulder_direction_change_mean,0.0015819053964542004
left_thumb_tip_direction_change_mean,0.0015707851488401773
left_thumb_tip_periodicity,0.0015508042203903013
bow_length,0.0015473221313239166
dist_index_thumb,0.0015392418805610416
l_elbow_accel_mean,0.0014643548515232392
mfcc_5_std,0.0014291453821574551
bow_angle_shoulder_elbow_wrist,0.001390574000366411
left_pinky_tip_range_y,0.0013878191830374001
right_thumb_tip_periodicity,0.0013682740660497508
r_elbow_direction_change_mean,0.0013679541395586739
l_elbow_vel_mean,0.001354949151043768
rms_std,0.0013196133593530645
left_thumb_tip_range_x,0.0012772637329743874
bow_thumb_distance,0.001276232545340816
left_middle_tip_accel_std,0.0012368211920901354
r_wrist_direction_change_mean,0.0012343256833144789
left_middle_tip_vel_max,0.0011802553789005141
l_elbow_accel_std,0.001169447839957894
left_pinky_tip_range_z,0.0011065516454590505
left_thumb_tip_range_z,0.0010372575313192065
dist_r_wrist_index,0.0010292159849150575
l_wrist_direction_change_mean,0.0010144494959028227
zcr_std,0.000998942991640134
left_index_tip_range_z,0.0009781275255641424
r_shoulder_direction_change_mean,0.0009619690760252934
l_wrist_vel_max,0.0009042816295258464
l_elbow_range_z,0.0008926794420546358
dist_r_elbow_wrist,0.0008817999492014381
left_ring_tip_range_y,0.0008512276612570288
l_elbow_range_y,0.0008218654112025016
left_thumb_tip_range_y,0.0008205230916956231
dist_r_wrist_thumb,0.0008012774272367357
left_thumb_tip_accel_std,0.0007954178488383361
l_elbow_direction_change_mean,0.0007599755387380309
r_wrist_periodicity,0.0007463551204496334
left_ring_tip_range_z,0.000721561849646364
l_shoulder_vel_max,0.000704030671717426
rolloff_std,0.0006882777027331226
bow_angle_elbow_wrist_index,0.0006147521772333013
left_middle_tip_vel_std,0.0005965682757220817
r_elbow_vel_max,0.0005318114892557354
left_thumb_tip_vel_max,0.0005277868665503653
r_elbow_periodicity,0.0005268921273055331
r_shoulder_range_z,0.0003977108646449092
l_elbow_vel_max,0.00036728030987493956
l_wrist_range_z,0.0003424593133304041
left_pinky_tip_range_x,0.0003344260443871046
left_middle_tip_range_z,0.00032515737830631256
r_shoulder_vel_max,0.00031803374249686755
l_elbow_periodicity,0.00012026870932539896
